,graph_name,npath
0,01_parity_cfg._Z6parityi,2.0
1,02_sign_cfg._Z4signi,3.0
2,03_greatestof3_cfg._Z11greatestof3iii,7.0
3,04_prime_cfg._Z11check_primei,3.0
4,05_lexicographic_array_compare_cfg._Z14compare_arraysPiS_i,4.0
5,06_check_sorted_array_cfg._Z9is_sortedPii,3.0
6,07_check_arrays_equal_cfg._Z12equal_arraysPiS_i,3.0
7,08_find_val_in_array_cfg._Z10find_firstiPii,3.0
8,09_check_heap_order_cfg._Z13is_heap_orderPii,4.0
9,10_check_sorted_or_reverse_cfg._Z20is_sorted_or_reversePii,18.0
10,11_three_loops_symbolic_bounds_cfg._Z18three_loops_boundsiii,8.0
11,12_three_loops_w_break_cfg._Z11three_loopsiiii,27.0
12,13_array_max_cfg._Z15largest_elementPii,3.0
13,14_euclid_GCD_cfg._Z3gcdii,3.0
14,15_binary_search_cfg._Z13binary_searchiPii,5.0
15,16_bubblesort_cfg._Z11bubble_sortPll,4.0
16,17_selectionsort_cfg._Z14selection_sortPii,4.0
17,18_edit_dist_cfg._Z16editDistArraysDPPiS_ii,9.0
18,19_insertionsort_cfg._Z14insertion_sortPii,5.0
19,20_quicksort_cfg._Z18quickSortIterativePiii,13.0
20,21_mergesort_cfg._Z9mergesortPii,197.0
21,22_heapsort_cfg._Z9heap_sortPij,4971.0
22,23_palindrome_cfg._Z10palindromei,2.0
23,24_variance_cfg._Z8variancePdi,4.0
24,25_pos_vel_acc_cfg._Z6motionPdid,8.0
25,26_newtons_method_cfg._Z11newton_rootffi,5.0
26,26_newtons_method_cfg._Z1ff,1.0
27,26_newtons_method_cfg._Z2dff,1.0
28,27_fib_cfg._Z3fibi,3.0
29,28_sieve_of_eratosthenes_cfg._Z5sievePii,8.0
30,29_longest_common_increasing_subsequence_cfg._Z4LCISPiiS_i,66.0
