,graph,complexity
0,cfg.compute_number_width.dot,8
1,cfg.dev_info_compare.dot,-1
2,cfg.should_dereference.dot,3
3,cfg.target_directory_operand.dot,5
4,cfg.mpz_clear.dot,-1
5,cfg.print_entry.dot,15
6,cfg.gettext_quote.dot,4
7,cfg.head.dot,9
8,cfg.parse_sub_exp.dot,8
9,cfg.wc_file.dot,5
10,cfg.change_timestamps.dot,2
11,cfg.compare_occurs.dot,3
12,cfg.component_start.dot,2
13,cfg.change_file_context.dot,13
14,cfg.print_numbers.dot,13
15,cfg.rotr8.dot,-1
16,cfg.next_file_name.dot,13
17,cfg.transit_state_bkref.dot,34
18,cfg.check_punctuation.dot,3
19,cfg.ofile_open.dot,8
20,cfg.print_file_name_and_frills.dot,9
21,cfg.pop_fail_stack.dot,1
22,cfg.create_ci_newstate.dot,12
23,cfg.re_search_internal.dot,93
24,cfg.gcd2_odd.dot,12
25,cfg.build_type_arg.dot,5
26,cfg.get_input_fstatus.dot,8
27,cfg.check_node_accept_bytes.dot,47
28,cfg.rpl_regerror.dot,4
29,cfg.blake2b_init_param.dot,2
30,cfg.default_block_size.dot,-1
31,cfg.careadlinkat.dot,23
32,cfg.file_ignored.dot,7
33,cfg.es_match.dot,2
34,cfg.dir_name.dot,1
35,cfg.x2nrealloc.dot,3
36,cfg.set_line_length.dot,4
37,cfg.add_to_grand_total.dot,6
38,cfg.base64url_decode_ctx_init_wrapper.dot,-1
39,cfg.copy_with_unblock.dot,8
40,cfg.head_bytes.dot,7
41,cfg.diagnose_copy_fd_failure.dot,2
42,cfg.areadlink.dot,-1
43,cfg.re_string_translate_buffer.dot,3
44,cfg.decode_one_format.dot,39
45,cfg.interrupt_handler.dot,-1
46,cfg.check_subexp_matching_top.dot,7
47,cfg.parse_format_string.dot,28
48,cfg.xnanosleep.dot,6
49,cfg.xalloc.dot,1
50,cfg.sane_mode.dot,6
51,cfg.write_block.dot,9
52,cfg.any_non_remote_file.dot,5
53,cfg.install_file_in_dir.dot,3
54,cfg.mulredc.dot,2
55,cfg.add_epsilon_src_nodes.dot,6
56,cfg.rpl_fchmodat.dot,8
57,cfg.sha1_process_bytes.dot,9
58,cfg.mmalloca.dot,4
59,cfg.i_ring_empty.dot,-1
60,cfg.compare_files.dot,22
61,cfg.has_capability.dot,3
62,cfg.sort.dot,20
63,cfg.write_header.dot,-1
64,cfg.logical_getcwd.dot,13
65,cfg.quotearg_n_custom_mem.dot,-1
66,cfg.string_compare_ci.dot,-1
67,cfg.sha384_init_ctx.dot,-1
68,cfg.valid_escape_sequence.dot,12
69,cfg.adjust_value.dot,4
70,cfg.emit_backup_suffix_note.dot,-1
71,cfg.signal_setup.dot,8
72,cfg.digest_word_file.dot,7
73,cfg.out_int.dot,-1
74,cfg.sha224_buffer.dot,-1
75,cfg.df_readable.dot,5
76,cfg.print_long_entry.dot,11
77,cfg.free_spareline.dot,3
78,cfg.create_hard_link.dot,4
79,cfg.append_repeated_char.dot,1
80,cfg.queue_check_insert_parent.dot,3
81,cfg.open_input_files.dot,5
82,cfg.print_stats.dot,5
83,cfg.extract_regexp.dot,2
84,cfg.humblock.dot,14
85,cfg.operand_matches.dot,4
86,cfg.xlseek.dot,3
87,cfg.re_node_set_insert_last.dot,4
88,cfg.mbslen.dot,4
89,cfg.next_file.dot,8
90,cfg.add_field_list.dot,3
91,cfg.ino_map_alloc.dot,3
92,cfg.change_file_owner.dot,67
93,cfg.dtoastr.dot,7
94,cfg.delseq.dot,2
95,cfg.write_permuted_lines.dot,5
96,cfg.tac_nonseekable.dot,2
97,cfg.gid_to_name.dot,2
98,cfg.quotearg_style.dot,-1
99,cfg.out_minus_zero.dot,-1
100,cfg.dtotimespec.dot,4
101,cfg.hash_get_entries.dot,5
102,cfg.proper_name_utf8.dot,20
103,cfg.c_isascii.dot,68
104,cfg.reap_all.dot,2
105,cfg.dirent_inode_sort_may_be_useful.dot,4
106,cfg.docolon.dot,7
107,cfg.set_libstdbuf_options.dot,4
108,cfg.add_exclude_fp.dot,10
109,cfg.queue_check_insert.dot,7
110,cfg.sequential_sort.dot,8
111,cfg.any_live_files.dot,8
112,cfg.tailable_stdin.dot,5
113,cfg.find_field.dot,8
114,cfg.parse_tab_stops.dot,22
115,cfg.sortlines_thread.dot,-1
116,cfg.handle_line_error.dot,1
117,cfg.filevercmp.dot,21
118,cfg.out_file_context.dot,5
119,cfg.check_halt_state_context.dot,3
120,cfg.randint_all_new.dot,2
121,cfg.any_non_regular_fifo.dot,6
122,cfg.analyze.dot,19
123,cfg.print_white_space.dot,4
124,cfg.ignorable_sync_errno.dot,3
125,cfg.process_suffixed_number.dot,17
126,cfg.rev_strcmp_df_ctime.dot,6
127,cfg.mktime_z.dot,9
128,cfg.sha224_read_ctx.dot,2
129,cfg.fd_reopen.dot,3
130,cfg.filter_mount_list.dot,28
131,cfg.getoptnum.dot,-1
132,cfg.raw_comparator.dot,-1
133,cfg.freadptr.dot,3
134,cfg.component_len.dot,3
135,cfg.verror.dot,-1
136,cfg.print_named_ascii.dot,4
137,cfg.write_counts.dot,8
138,cfg.fwrite_uppcase.dot,2
139,cfg.extent_scan_init.dot,-1
140,cfg.close_file.dot,7
141,cfg.do_stdin.dot,3
142,cfg.rev_xstrcoll_df_ctime.dot,6
143,cfg.xdectoumax.dot,-1
144,cfg.safe_write.dot,7
145,cfg.factor_insert_large.dot,2
146,cfg.str_days.dot,8
147,cfg.sha512_conclude_ctx.dot,2
148,cfg.search_cur_bkref_entry.dot,5
149,cfg.rpl_re_match_2.dot,-1
150,cfg.same_para.dot,4
151,cfg.sha384_finish_ctx.dot,-1
152,cfg.find_mount_point.dot,15
153,cfg.bytes_chunk_extract.dot,12
154,cfg.savewd_restore.dot,10
155,cfg.io_blksize.dot,6
156,cfg.getenv_quoting_style.dot,3
157,cfg.re_string_context_at.dot,12
158,cfg.xgethostname.dot,11
159,cfg.print_user.dot,15
160,cfg.print_and_abort.dot,0
161,cfg.restore_cwd.dot,2
162,cfg.cmp.dot,3
163,cfg.human_numcompare.dot,4
164,cfg.quotearg_style_mem.dot,-1
165,cfg.read_utmp.dot,4
166,cfg.bitset_set_all.dot,-1
167,cfg.cmp_mtime.dot,2
168,cfg.count_leading_zeros_l.dot,2
169,cfg.xstrcoll.dot,1
170,cfg.u8_uctomb_aux.dot,11
171,cfg.md5_stream.dot,11
172,cfg.make_printable_str.dot,11
173,cfg.lchmodat.dot,-1
174,cfg.mark_opt_subexp.dot,3
175,cfg.known_term_type.dot,6
176,cfg.fts_skip_tree.dot,-1
177,cfg.base_len.dot,3
178,cfg.dosync.dot,5
179,cfg.prepare_inbuf.dot,2
180,cfg.seen_triple.dot,3
181,cfg.debug_width.dot,2
182,cfg.floor_lg.dot,2
183,cfg.format_address_paren.dot,2
184,cfg.write_error.dot,0
185,cfg.general_numcompare.dot,8
186,cfg.close_stdin_set_file_name.dot,-1
187,cfg.install_signal_handlers.dot,5
188,cfg.mbs_offset_to_chars.dot,5
189,cfg.lookup_word.dot,25
190,cfg.get_funky_string.dot,-247
191,cfg.quotearg_custom.dot,-1
192,cfg.tostring.dot,2
193,cfg.ignorable_ctx_err.dot,2
194,cfg.ignorable_missing.dot,2
195,cfg.two_way_long_needle.dot,28
196,cfg.extent_need_sync.dot,-1
197,cfg.re_dfa_add_node.dot,11
198,cfg.advance_input_offset.dot,2
199,cfg.advance.dot,2
200,cfg.is_ENOTSUP.dot,2
201,cfg.extract_varname.dot,3
202,cfg.merge_state_with_log.dot,12
203,cfg.iread_fullblock.dot,6
204,cfg.xtime_nonnegative_sec.dot,-1
205,cfg.process_signals.dot,6
206,cfg.save_token.dot,5
207,cfg.rpl_re_search_2.dot,-1
208,cfg.match_ctx_add_sublast.dot,5
209,cfg.queue_directory.dot,3
210,cfg.get_space.dot,3
211,cfg.memcoll0.dot,3
212,cfg.sha512_read_ctx.dot,2
213,cfg.get_mtime.dot,2
214,cfg.getoptarg.dot,6
215,cfg.fallback_failure_callback.dot,2
216,cfg.xprintf.dot,-1
217,cfg.set_exit_status.dot,3
218,cfg.get_prefix.dot,7
219,cfg.cl_strtold.dot,4
220,cfg.print_lineno.dot,1
221,cfg.set_char_quoting.dot,2
222,cfg.format_group_width.dot,2
223,cfg.clone_quoting_options.dot,2
224,cfg.tail.dot,2
225,cfg.time_overflow.dot,4
226,cfg.print_color_indicator.dot,3
227,cfg.chopt_free.dot,-1
228,cfg.print_current_files.dot,10
229,cfg.cleanup_fatal.dot,0
230,cfg.debug_line.dot,5
231,cfg.recover_mode.dot,7
232,cfg.simple_round_from_zero.dot,2
233,cfg.mpz_init_set_ui.dot,-1
234,cfg.sift_states_backward.dot,10
235,cfg.priv_set_remove_linkdir.dot,-1
236,cfg.apply_time_suffix.dot,6
237,cfg.get_root_dev_ino.dot,2
238,cfg.isbase64.dot,-1
239,cfg.xstrcoll_df_mtime.dot,6
240,cfg.quotearg_char.dot,-1
241,cfg.cleanup_file_list_stdin.dot,2
242,cfg.owner_failure_ok.dot,3
243,cfg.simple_round_nearest.dot,2
244,cfg.init_page.dot,7
245,cfg.dot_or_dotdot.105.dot,3
246,cfg.print_dir.dot,40
247,cfg.ifd_reopen.dot,3
248,cfg.statat.dot,-1
249,cfg.re_compile_fastmap_iter.dot,33
250,cfg.alloc_table_row.dot,-1
251,cfg.fprintftime.dot,-1
252,cfg.yydestruct.dot,2
253,cfg.compare_ranges.dot,2
254,cfg.get_reldate.dot,1
255,cfg.rev_xstrcoll_df_btime.dot,6
256,cfg.decode_switches.dot,38
257,cfg.triple_compare.dot,3
258,cfg.setfscreatecon.dot,-1
259,cfg.mb_copy.dot,3
260,cfg.c_strcasecmp.dot,4
261,cfg.base64url_encode.dot,4
262,cfg.xvfprintf.dot,3
263,cfg.mpz_tdiv_q.dot,2
264,cfg.quotearg_mem.dot,-1
265,cfg.parse_group.dot,4
266,cfg.getndelim2.dot,37
267,cfg.quotearg_free.dot,4
268,cfg.rev_strcmp_df_btime.dot,6
269,cfg.cp_option_init.dot,-1
270,cfg.follow_fstatat.dot,-1
271,cfg.ino_hash.dot,2
272,cfg.unblock_signal.dot,2
273,cfg.iread.dot,15
274,cfg.print_esc_char.dot,9
275,cfg.re_string_allocate.dot,7
276,cfg.fd_safer.dot,3
277,cfg.check_halt_node_context.dot,11
278,cfg.operand2sig.dot,16
279,cfg.mkdtemp_len.dot,-1
280,cfg.randread_set_handler.dot,-1
281,cfg.savewd_init.dot,-1
282,cfg.get_stat_mtime_ns.dot,-1
283,cfg.rev_xstrcoll_extension.dot,-1
284,cfg.pipe_bytes.dot,10
285,cfg.swap.dot,-1
286,cfg.build_spec_list.dot,23
287,cfg.print_statfs.dot,16
288,cfg.hash_get_max_bucket_length.dot,5
289,cfg.last_component.dot,5
290,cfg.blake2b_init0.dot,2
291,cfg.queue_init.dot,-1
292,cfg.iswnbspace.dot,5
293,cfg.rotr_sz.dot,-1
294,cfg.sha1_process_block.dot,3
295,cfg.getfscreatecon.dot,-1
296,cfg.parse_repeat_count.dot,3
297,cfg.heapify_down.dot,6
298,cfg.format_user_width.dot,2
299,cfg.random_md5_state_init.dot,1
300,cfg.announce_mkdir.dot,2
301,cfg.rotl16.dot,-1
302,cfg.expr.dot,1
303,cfg.tail_forever_inotify.dot,79
304,cfg.bitset_mask.dot,2
305,cfg.errno_fail.dot,-1
306,cfg.bkm_scale_by_power.dot,2
307,cfg.argv_iter.dot,4
308,cfg.ftypelet.dot,8
309,cfg.record_or_unlink_tempfile.dot,-1
310,cfg.validate_file_name.dot,39
311,cfg.print_padded_number.dot,3
312,cfg.mpsort_with_tmp.dot,8
313,cfg.version_etc_arn.dot,-4
314,cfg.restorecon.97.dot,-1
315,cfg.ignorable_failure.dot,5
316,cfg.read_rest_of_line.dot,6
317,cfg.base64_decode_ctx_init_wrapper.dot,-1
318,cfg.generate_all_output.dot,6
319,cfg.numbered_backup.dot,24
320,cfg.ignorable_ctx_err.95.dot,2
321,cfg.find_int.dot,6
322,cfg.closeout.dot,13
323,cfg.extra_mode.dot,-1
324,cfg.settime.dot,4
325,cfg.c_isdigit.dot,5
326,cfg.re_compile_internal.dot,13
327,cfg.sha1_read_ctx.dot,-1
328,cfg.install_cleanup.dot,-1
329,cfg.xstrtoimax.dot,-236
330,cfg.do_encode.dot,10
331,cfg.free_ent.dot,3
332,cfg.readisaac.dot,7
333,cfg.posix2_version.dot,6
334,cfg.gnu_mbswidth.dot,-1
335,cfg.decode_format_string.dot,5
336,cfg.time_zone_hhmm.dot,28
337,cfg.getuser.dot,6
338,cfg.__bswap_32.dot,-1
339,cfg.security_compute_create.dot,-1
340,cfg.init_store_cols.dot,605
341,cfg.do_link.dot,51
342,cfg.ind.dot,-1
343,cfg.do_wipefd.dot,44
344,cfg.re_string_construct_common.dot,2
345,cfg.quotearg_n_options.dot,6
346,cfg.freadahead.dot,3
347,cfg.es_free.dot,-1
348,cfg.extend_abbrs.dot,-1
349,cfg.reap.dot,6
350,cfg.fts_padjust.dot,6
351,cfg.perm_related_errno.dot,2
352,cfg.elide_tail_lines_seekable.dot,21
353,cfg.copy_acl.dot,3
354,cfg.physmem_available.dot,7
355,cfg.simple_strtod_int.dot,13
356,cfg.escape_char.dot,5
357,cfg.group_nodes_into_DFAstates.dot,51
358,cfg.io_error.dot,0
359,cfg.wd_hasher.dot,-1
360,cfg.decode_output_arg.dot,-114
361,cfg.streamsavedir.dot,14
362,cfg.orig_fchmodat.dot,-1
363,cfg.base32_encode.dot,24
364,cfg.build_trtable.dot,46
365,cfg.di_ino_hash.dot,-1
366,cfg.uid_to_name.dot,2
367,cfg.unlock_node.dot,-1
368,cfg.ifdatasync.dot,3
369,cfg.mergelines.dot,5
370,cfg.star_digits_closebracket.dot,6
371,cfg.integer_arg.dot,-1
372,cfg.buffer_linelim.dot,-1
373,cfg.list_signals.dot,17
374,cfg.printv.dot,2
375,cfg.sha1_stream.dot,11
376,cfg.base32_encode_alloc.dot,3
377,cfg.errno_unsupported.dot,3
378,cfg.portable_chars_only.dot,3
379,cfg.elide_tail_lines_pipe.dot,17
380,cfg.lines_rr.dot,29
381,cfg.base64_decode_ctx_wrapper.dot,-1
382,cfg.decode_field_spec.dot,3
383,cfg.rev_xstrcoll_df_name.dot,6
384,cfg.bkm_scale_by_power.398.dot,2
385,cfg._obstack_memory_used.dot,2
386,cfg.strcmp_df_mtime.dot,6
387,cfg.fchmod_or_lchmod.dot,2
388,cfg.errno_rmdir_non_empty.dot,2
389,cfg.xtime_nonnegative_nsec.dot,-1
390,cfg.is_colored.dot,5
391,cfg.debug_strfdatetime.dot,7
392,cfg.match_ctx_init.dot,7
393,cfg.sha1_finish_ctx.dot,2
394,cfg.cut_file.dot,6
395,cfg.is_smack_enabled.dot,-1
396,cfg.argv_iter_free.dot,2
397,cfg.get_default_format.dot,14
398,cfg.is_root.dot,2
399,cfg.xmalloc.dot,2
400,cfg.free_dir.dot,3
401,cfg.ino_map_free.dot,-1
402,cfg.attach.dot,7
403,cfg.is_char_class_member.dot,12
404,cfg.fillbuf.dot,22
405,cfg.quotearg_n_custom.dot,-1
406,cfg.dc_parse_stream.dot,36
407,cfg.rpl_re_match.dot,-1
408,cfg.check_for_offset.dot,1
409,cfg.nonexistent_file_errno.dot,4
410,cfg.display_settings.dot,4
411,cfg.set_tz.dot,7
412,cfg.build_wcs_upper_buffer.dot,56
413,cfg.print_heading.dot,4
414,cfg.mpz_tdiv_r.dot,3
415,cfg.collate_error.dot,-1
416,cfg.xstrcoll_atime.dot,-1
417,cfg.uptime.dot,1
418,cfg.print_ascii.dot,10
419,cfg.re_protect.dot,12
420,cfg.get_stat_birthtime_ns.dot,-1
421,cfg.mktime_ok.dot,2
422,cfg.xstr_cd_iconv.dot,2
423,cfg.verrevcmp.dot,20
424,cfg.read_and_xlate.dot,2
425,cfg.setfileconat.dot,19
426,cfg.rm.dot,12
427,cfg.tsort.dot,12
428,cfg.xstrcat.dot,7
429,cfg.proc_body.dot,2
430,cfg.strcmp_atime.dot,-1
431,cfg.parse_split_string.dot,13
432,cfg.same_file_ok.dot,49
433,cfg.fill_mount_table.dot,5
434,cfg.show_date.dot,4
435,cfg.parse_additional_groups.dot,17
436,cfg.octal_to_mode.dot,-1
437,cfg.c_isgraph.dot,34
438,cfg.base32_length_wrapper.dot,-1
439,cfg.setup_dir.dot,4
440,cfg.bitset_copy.dot,-1
441,cfg.null.dot,5
442,cfg.smack_new_label_from_self.dot,-1
443,cfg.print_long_double.dot,4
444,cfg.try_tempname_len.dot,10
445,cfg.xfprintf.dot,-1
446,cfg.skip_construct.dot,-1
447,cfg.skip_to_page.dot,12
448,cfg.num_processors_via_affinity_mask.dot,5
449,cfg.scan_zeros.dot,4
450,cfg.lbuf_alloc.dot,2
451,cfg.xstrtol_error.dot,5
452,cfg.same_name.dot,-1
453,cfg.c_strtold.dot,5
454,cfg.argmatch_to_argument.dot,3
455,cfg.xnrealloc.dot,1
456,cfg.xnumtoimax.dot,11
457,cfg.mbsstr_trimmed_wordbounded.dot,30
458,cfg.dev_type_hash.dot,-1
459,cfg.freea.dot,2
460,cfg.millerrabin2.dot,11
461,cfg.dev_ino_hash.dot,-1
462,cfg.freebuffer.dot,-1
463,cfg.freev.dot,2
464,cfg.set_uint64.dot,-1
465,cfg.spec_init.dot,-1
466,cfg.adjust_column.dot,6
467,cfg.long_double_format.dot,6
468,cfg.string_to_baud.dot,4
469,cfg.lookup_zone.dot,7
470,cfg.factor_using_pollard_rho2.dot,40
471,cfg.str_iconv.dot,7
472,cfg.emit_mandatory_arg_note.dot,-1
473,cfg.str_cd_iconv.dot,22
474,cfg.call_addfn.dot,-1
475,cfg.debug_mktime_not_ok.dot,15
476,cfg.rev_xstrcoll_mtime.dot,-1
477,cfg.open_next_file.dot,7
478,cfg.openat_restore_fail.dot,0
479,cfg.rotr64.dot,-1
480,cfg.load64.dot,-1
481,cfg.get_stat_atime.dot,-1
482,cfg.collapse_escapes.dot,12
483,cfg.set_permissions.dot,7
484,cfg.selected_fstype.dot,5
485,cfg.ifstat.dot,3
486,cfg.free_cwd.dot,2
487,cfg.try_tempname.dot,-1
488,cfg.badfieldspec.dot,0
489,cfg.match_ctx_add_subtop.dot,5
490,cfg.close_stdout_set_ignore_EPIPE.dot,-1
491,cfg.isbase2.dot,2
492,cfg.make_dir_parents_private.dot,36
493,cfg.string2_extend.dot,3
494,cfg.diagnose_leading_hyphen.dot,6
495,cfg.xsum.dot,2
496,cfg.decode_preserve_arg.dot,10
497,cfg.apply_translations.dot,8
498,cfg.xstrtod.dot,7
499,cfg.tail_lines.dot,13
500,cfg.create_temp.dot,-1
501,cfg.excise.dot,14
502,cfg.output.dot,4
503,cfg.cat.dot,37
504,cfg.incname.dot,4
505,cfg.posix_time_parse.dot,17
506,cfg.write_output.dot,2
507,cfg.verror_at_line.dot,2
508,cfg.signal_restore.dot,-1
509,cfg.c_isprint.dot,35
510,cfg.lutimens.dot,21
511,cfg.simple_round_ceiling.dot,2
512,cfg.millerrabin.dot,7
513,cfg.hash_init.dot,1
514,cfg.digits_to_date_time.dot,8
515,cfg.initbuf.dot,2
516,cfg.xset_binary_mode.dot,2
517,cfg.initialize_exit_failure.dot,2
518,cfg.mbiter_multi_reloc.dot,-1
519,cfg.punch_hole.dot,4
520,cfg.priv_set_restore_linkdir.dot,-1
521,cfg.mpz_out_str.dot,-1
522,cfg.fdutimens.dot,43
523,cfg.rev_strcmp_df_extension.dot,6
524,cfg.getgroup.dot,6
525,cfg.forget_all.dot,-1
526,cfg.get_nonce.dot,14
527,cfg.utimens_symlink.dot,3
528,cfg.sparse_hash_.dot,-1
529,cfg.trim_leading_zeros.dot,4
530,cfg.update_regs.dot,8
531,cfg.file_has_acl.dot,-1
532,cfg.check_output.dot,2
533,cfg.to_uchar.dot,-1
534,cfg.lbuf_putint.dot,2
535,cfg.fmt.dot,2
536,cfg.cdb_fchdir.dot,-1
537,cfg.sha512_init_ctx.dot,-1
538,cfg.parse_reg_exp.dot,13
539,cfg.quotearg_alloc_mem.dot,3
540,cfg.reap_exited.dot,3
541,cfg.cp_options_default.dot,-1
542,cfg.extract_dirs_from_files.dot,11
543,cfg.freeline.dot,2
544,cfg.xstrcoll_size.dot,-1
545,cfg.make_timespec.dot,-1
546,cfg.print_clump.dot,2
547,cfg.stdbuf.dot,4
548,cfg.unquote.dot,7
549,cfg.free_token.dot,5
550,cfg.chld.dot,-1
551,cfg.short_pinky.dot,1
552,cfg.ch_strerror.dot,-1
553,cfg.direntry_cmp_name.dot,-1
554,cfg.out_epoch_sec.dot,24
555,cfg.close_stream.dot,6
556,cfg.input_from_argv.dot,3
557,cfg.set_acl.dot,2
558,cfg.suffix_power.dot,9
559,cfg.set_fd_flags.dot,13
560,cfg.clear_line_control.dot,-1
561,cfg.set_mode.dot,35
562,cfg.context_user_get.dot,-1
563,cfg.print_type_indicator.dot,2
564,cfg.parse_size.dot,5
565,cfg.wc_ensure_printable.dot,3
566,cfg.mode_adjust.dot,12
567,cfg.check_section.dot,9
568,cfg.find_subexp_node.dot,5
569,cfg.xreadlink.dot,2
570,cfg.context_role_get.dot,-1
571,cfg.record_line_starts.dot,5
572,cfg.utimens.dot,-1
573,cfg.disable_core_dumps.dot,2
574,cfg.dump_strings.dot,24
575,cfg.fadvise.dot,2
576,cfg.set_program_name.dot,5
577,cfg.memcpy_uppcase.dot,2
578,cfg.is_empty_dir.dot,4
579,cfg.unary_operator.dot,43
580,cfg.add_ignore_pattern.dot,-1
581,cfg.finalize_tab_stops.dot,7
582,cfg.long_time_expected_width.dot,5
583,cfg.screen_columns.dot,7
584,cfg.iclose.dot,5
585,cfg.safe_read.dot,7
586,cfg.read_line.dot,31
587,cfg.check_and_close.dot,7
588,cfg.xstrtoumax.dot,-296
589,cfg.src_to_dest_free.dot,-1
590,cfg.sha224_init_ctx.dot,-1
591,cfg.hex_digits.dot,4
592,cfg.search_table.dot,4
593,cfg.advance_seq.dot,2
594,cfg.group_number.dot,6
595,cfg.lstatat.dot,-1
596,cfg.devlist_compare.dot,-1
597,cfg.fread_file.dot,20
598,cfg.get_point.dot,31
599,cfg.initseq.dot,-1
600,cfg.fdutimensat.dot,7
601,cfg.check_ordering_compatibility.dot,2
602,cfg.touch.dot,23
603,cfg.order.dot,4
604,cfg.mbschr.dot,7
605,cfg.re_node_set_init_1.dot,2
606,cfg.debug_key.dot,17
607,cfg.next_prime.dot,4
608,cfg.rpl_nanosleep.dot,7
609,cfg.wc_truncate.dot,4
610,cfg.randint_get_source.dot,-1
611,cfg.set_LD_PRELOAD.dot,5
612,cfg.search_duplicated_node.dot,5
613,cfg.describe_change.dot,12
614,cfg.rotr16.dot,-1
615,cfg.walk_tree.dot,2
616,cfg.sort_buffer_size.dot,12
617,cfg.freecon.dot,-1
618,cfg.mpz_get_str.dot,-1
619,cfg.memchr2.dot,12
620,cfg.sha384_buffer.dot,-1
621,cfg.copy_fd.dot,7
622,cfg.stat_for_mode.dot,-1
623,cfg.gobble_file.dot,100
624,cfg.xfts_open.dot,1
625,cfg.process_path.dot,8
626,cfg.savewd_chdir.dot,18
627,cfg.free_dfa_content.dot,11
628,cfg.hash_reset_tuning.dot,-1
629,cfg.fmt_to_mask.dot,20
630,cfg.match_ctx_clean.dot,4
631,cfg.strcmp_df_name.dot,6
632,cfg.isaac_seed.dot,3
633,cfg.base32_decode_ctx.dot,19
634,cfg.print_uptime.dot,19
635,cfg.put_space.dot,5
636,cfg.mark_ancestor_dirs.dot,3
637,cfg.source_is_dst_backup.dot,6
638,cfg.rev_strcmp_mtime.dot,-1
639,cfg.no_more_lines.dot,-1
640,cfg.reset_line.dot,-1
641,cfg.parse_options.dot,36
642,cfg.prep_non_filename_text.dot,2
643,cfg.parse_datetime2.dot,1088
644,cfg.nan_compare.dot,-1
645,cfg.xstrdup.dot,-1
646,cfg.rpl_re_compile_pattern.dot,2
647,cfg.print_group_list.dot,14
648,cfg.exclude_fnmatch.dot,6
649,cfg.prune_impossible_nodes.dot,14
650,cfg.getgidbyname.dot,8
651,cfg.add_exclude.dot,21
652,cfg.free_workarea_compile.dot,2
653,cfg.rpl_re_compile_fastmap.dot,4
654,cfg.strcmp_extension.dot,-1
655,cfg.i_ring_push.dot,2
656,cfg.build_collating_symbol.dot,2
657,cfg.quote_name_width.dot,3
658,cfg.out_mount_point.dot,10
659,cfg.parse_signal_action_params.dot,7
660,cfg.make_node_op_equals.dot,-1
661,cfg.list_entries_users.dot,6
662,cfg.sha384_read_ctx.dot,2
663,cfg.binary_operator.dot,40
664,cfg.proc_header.dot,2
665,cfg.print_size.dot,3
666,cfg.readlinebuffer_delim.dot,8
667,cfg.set_signal_proc_mask.dot,7
668,cfg.reset_fields.dot,-1
669,cfg.lsetfileconat.dot,19
670,cfg.sha256_process_bytes.dot,9
671,cfg.re_node_set_insert.dot,9
672,cfg.hash_lookup.dot,5
673,cfg.locale_charset.dot,3
674,cfg.tail_file.dot,15
675,cfg.randint_genmax.dot,7
676,cfg.ino_compare.dot,-1
677,cfg.seq_fast.dot,15
678,cfg.format_user_or_group.dot,4
679,cfg.argmatch_invalid.dot,-1
680,cfg.re_node_set_alloc.dot,2
681,cfg.savewd_process_files.dot,10
682,cfg.debug_print_current_time.dot,20
683,cfg.queue_pop.dot,2
684,cfg.prog_fprintf.dot,-1
685,cfg.quotearg_buffer_restyled.dot,105
686,cfg.create_tree.dot,-1
687,cfg.multiple_bits_set.dot,-1
688,cfg.mpz_sub.dot,1
689,cfg.transit_state.dot,7
690,cfg.fts_compar.dot,-1
691,cfg.update_timespec.dot,9
692,cfg.bitset_contain.dot,-1
693,cfg.string_to_security_class.dot,-1
694,cfg.build_argv.dot,39
695,cfg.rev_strcmp_df_size.dot,6
696,cfg.read_char.dot,3
697,cfg.factor_insert_refind.dot,2
698,cfg.print_formatted.dot,32
699,cfg.cache_round.dot,3
700,cfg.convert_abs_rel.dot,5
701,cfg.re_string_peek_byte_case.dot,9
702,cfg.mbuiter_multi_copy.dot,2
703,cfg.list_entries_who.dot,4
704,cfg.optc_to_fileno.dot,4
705,cfg.human_time.dot,3
706,cfg.remove_parents.dot,8
707,cfg.rotl64.dot,-1
708,cfg.swallow_file_in_memory.dot,5
709,cfg.line_bytes_split.dot,22
710,cfg.context_free.dot,-1
711,cfg.homogeneous_spec_list.dot,4
712,cfg.argv_iter_n_args.dot,2
713,cfg.keycmp.dot,11
714,cfg.elide_tail_bytes_pipe.dot,27
715,cfg.build_upper_buffer.dot,4
716,cfg.strcmp_ctime.dot,-1
717,cfg.xnumtoumax.dot,10
718,cfg.sighandler.dot,2
719,cfg.validate_case_classes.dot,15
720,cfg.search_item.dot,18
721,cfg.optimize_utf8.dot,28
722,cfg.calc_next.dot,5
723,cfg.xstrcoll_ctime.dot,-1
724,cfg.randint_choose.115.dot,-1
725,cfg.chown_failure_ok.dot,3
726,cfg.init_node.dot,4
727,cfg.chown_files.dot,9
728,cfg.find_unit_order.dot,3
729,cfg.load_buffer.dot,7
730,cfg.set_quoting_style.dot,2
731,cfg.xstrxfrm.dot,1
732,cfg.do_decode.dot,13
733,cfg.lchmod.dot,6
734,cfg.strict_posix2.dot,2
735,cfg.map_inode_number.dot,5
736,cfg.new_exclude_segment.dot,3
737,cfg.savedir.dot,3
738,cfg.do_move.dot,8
739,cfg.clean_state_log_if_needed.dot,8
740,cfg.free_charset.dot,-1
741,cfg.scan_arg.dot,22
742,cfg.traverse_raw_number.dot,8
743,cfg.is_prime.dot,3
744,cfg.triple_hash_no_name.dot,-1
745,cfg.mbsalign.dot,26
746,cfg.rev_xstrcoll_df_version.dot,6
747,cfg.u8_uctomb.dot,3
748,cfg.filesystem_type.dot,11
749,cfg.statvfs_works.dot,3
750,cfg.xgetcwd.dot,2
751,cfg.re_node_set_init_2.dot,4
752,cfg.copy_with_block.dot,9
753,cfg.re_node_set_contains.dot,5
754,cfg.xstrcoll_version.dot,-1
755,cfg.version_etc_ar.dot,2
756,cfg.any_symlinks.dot,5
757,cfg.devlist_free.dot,-1
758,cfg.set_input_file.dot,2
759,cfg.mount_point_in_fts_cycle.dot,5
760,cfg.first_last_page.dot,9
761,cfg.desirable_utmp_entry.dot,10
762,cfg.gid_unset.dot,-1
763,cfg.re_string_construct.dot,12
764,cfg.quotearg_n_mem.dot,-1
765,cfg.set_prefix.dot,4
766,cfg.add_field.dot,4
767,cfg.fnmatch_pattern_has_wildcards.dot,19
768,cfg.triple_hash.dot,-1
769,cfg.write_random_numbers.dot,5
770,cfg.cdb_init.dot,-1
771,cfg.base64_decode_ctx_init.dot,-1
772,cfg.match_suffix.dot,9
773,cfg.quotearg_n.dot,-1
774,cfg.hash_get_next.dot,6
775,cfg.copy.dot,1
776,cfg.register_proc.dot,2
777,cfg.get_stat_ctime.dot,-1
778,cfg.move_fd.dot,2
779,cfg.store32.dot,-1
780,cfg.dopass.dot,47
781,cfg.mulredc2.dot,4
782,cfg.get_fs_usage.dot,5
783,cfg.expld.dot,5
784,cfg.add_temp_dir.dot,2
785,cfg.set_file_security_ctx.dot,7
786,cfg.check_dst_limits.dot,4
787,cfg.sort_die.dot,1
788,cfg.set_other_indent.dot,8
789,cfg.needs_quoting.dot,2
790,cfg.copy_reg.dot,100
791,cfg.isz85.dot,2
792,cfg.remove_line.dot,8
793,cfg.mbs_logical_cspn.dot,16
794,cfg.get_field_list.dot,10
795,cfg.rpl_re_set_registers.dot,2
796,cfg.separator_string.dot,2
797,cfg.iwrite.dot,16
798,cfg.hash_ins.dot,1
799,cfg.hash_insert.dot,3
800,cfg.abformat_init.dot,16
801,cfg.setenv_TZ.dot,2
802,cfg.parse_column_count.dot,-1
803,cfg.print_table.dot,6
804,cfg.visible.dot,7
805,cfg.bitset_empty.dot,-1
806,cfg.strtoul_cc_t.dot,5
807,cfg.dev_from_mount_options.dot,-1
808,cfg.count_leading_zeros_ll.dot,2
809,cfg.mbs_logical_substr.dot,12
810,cfg.mpz_get_ui.dot,-1
811,cfg.matchpathcon.dot,-1
812,cfg.open_file.dot,4
813,cfg.context_str.dot,-1
814,cfg.check_tuning.dot,9
815,cfg.init_fps.dot,9
816,cfg._obstack_begin.dot,-1
817,cfg.mbuiter_multi_next.dot,8
818,cfg.fts_set_stat_required.dot,1
819,cfg.start_lines.dot,8
820,cfg.powerld.dot,3
821,cfg.make_dir_parents.dot,32
822,cfg.strcmp_btime.dot,-1
823,cfg.parse_long_options.dot,4
824,cfg.cached_umask.dot,2
825,cfg.context_type_set.dot,-1
826,cfg.randread.dot,2
827,cfg.mpz_fits_ulong_p.dot,2
828,cfg.set_fields.dot,25
829,cfg.xstrcoll_btime.dot,-1
830,cfg.print_wide_uint.dot,5
831,cfg.bitset_clear.dot,-1
832,cfg.merge_state_array.dot,7
833,cfg.context_range_set.dot,-1
834,cfg.queue_insert.dot,-1
835,cfg.extract_field.dot,2
836,cfg.randread_new.dot,6
837,cfg.user_group_str.dot,4
838,cfg.set_simple_backup_suffix.dot,5
839,cfg.translate_buffer.dot,2
840,cfg.int_value.dot,-1
841,cfg.calculate_columns.dot,9
842,cfg._obstack_begin_worker.dot,3
843,cfg.dired_dump_obstack.dot,5
844,cfg.rev_strcmp_name.dot,-1
845,cfg.dirchownmod.dot,18
846,cfg.base64_length_wrapper.dot,-1
847,cfg.recurse_tree.dot,8
848,cfg.parse_bracket_symbol.dot,10
849,cfg.savewd_delegating.dot,2
850,cfg.set_quoting_flags.dot,2
851,cfg.randint_choose.dot,-1
852,cfg.maybe_create_temp.dot,4
853,cfg.proc_footer.dot,2
854,cfg.readsource.dot,4
855,cfg.re_string_char_size_at.dot,4
856,cfg.acquire_init_state_context.dot,8
857,cfg.write_protected_non_symlink.dot,5
858,cfg.set_window_size.dot,4
859,cfg.simple_strtod_human.dot,16
860,cfg.count_leading_zeros.dot,2
861,cfg.require_more_args.dot,1
862,cfg.print_name_with_quoting.dot,8
863,cfg.find_dir_entry.dot,14
864,cfg.simple_round_floor.dot,-1
865,cfg.gettime.dot,-1
866,cfg.do_lstat.dot,-1
867,cfg.display_window_size.dot,3
868,cfg.rev_xstrcoll_size.dot,-1
869,cfg.getsize.dot,5
870,cfg.decode_4.dot,16
871,cfg.display_all.dot,10
872,cfg.create_initial_state.dot,22
873,cfg.nstrftime.dot,-1
874,cfg.do_ftruncate.dot,332
875,cfg.char_to_clump.dot,17
876,cfg.process_file.dot,26
877,cfg.tac_file.dot,7
878,cfg.file_has_acl_cache.dot,4
879,cfg.get_link_name.dot,2
880,cfg.cmp_name.dot,-1
881,cfg.install_file_in_file.dot,10
882,cfg.unexpand.dot,23
883,cfg.freopen_safer.dot,17
884,cfg.areadlink_with_size.dot,17
885,cfg.get_ids.dot,7
886,cfg.chmodat.dot,-1
887,cfg.mbs_align_pad.dot,3
888,cfg.write_permuted_numbers.dot,5
889,cfg.posixtime.dot,7
890,cfg.get_stat_btime.dot,-1
891,cfg.xstrcoll_df_version.dot,6
892,cfg.matcher_error.dot,0
893,cfg.split_file.dot,7
894,cfg.set_hhmmss.dot,-1
895,cfg.key_to_opts.dot,13
896,cfg.print_many_per_line.dot,4
897,cfg.build_equiv_class.dot,2
898,cfg.base32_decode_ctx_init.dot,-1
899,cfg.rm_fts.dot,36
900,cfg.set_nth_bit.dot,-1
901,cfg.install_sigchld.dot,-1
902,cfg.clear_files.dot,2
903,cfg.parse_omp_threads.dot,11
904,cfg.get_4.dot,11
905,cfg.isdir.dot,1
906,cfg.uidtostr_ptr.dot,-1
907,cfg.zaptemp.dot,5
908,cfg.re_string_wchar_at.dot,2
909,cfg.mkostemp_safer.dot,-1
910,cfg.isbase16.dot,4
911,cfg.format_user.dot,3
912,cfg.sha256_stream.dot,-1
913,cfg.build_range_exp.dot,30
914,cfg.duinfo_add.dot,3
915,cfg.fetch_token.dot,-1
916,cfg.strcmp_name.dot,-1
917,cfg.delete_proc.dot,2
918,cfg.sha512_stream.dot,-1
919,cfg.has_uuid_suffix.dot,2
920,cfg.sha1_init_ctx.dot,-1
921,cfg.append_equiv_class.dot,2
922,cfg.fillpattern.dot,5
923,cfg.lower_subexps.dot,7
924,cfg.compute_context_from_mask.dot,11
925,cfg.re_set_fastmap.dot,2
926,cfg.make_filename.dot,2
927,cfg.build_wcs_buffer.dot,14
928,cfg.c_isxdigit.dot,4
929,cfg.key_warnings.dot,39
930,cfg.digest_check.dot,45
931,cfg.two_way_short_needle.dot,21
932,cfg.unescape_pattern.dot,3
933,cfg.make_printable_char.dot,2
934,cfg.getmonth.dot,8
935,cfg.direct_mode.dot,4
936,cfg.make_ancestor.dot,5
937,cfg.verify_numeric.dot,4
938,cfg.fts_lfree.dot,3
939,cfg.sift_ctx_init.dot,-1
940,cfg.mpz_add.dot,1
941,cfg.check_arrival.dot,35
942,cfg.sha256_process_block.dot,3
943,cfg.se_const.dot,-1
944,cfg.to_uchar.62.dot,-1
945,cfg.numcompare.dot,56
946,cfg.num_processors_ignoring_omp.dot,13
947,cfg.xdectoimax.dot,-1
948,cfg.rotl_sz.dot,-1
949,cfg.file_failure.dot,-1
950,cfg.first_percent_b.dot,5
951,cfg.rotl8.dot,-1
952,cfg.get_quoting_style.dot,2
953,cfg.get_new_buffer.dot,2
954,cfg.z85_encode.dot,5
955,cfg.mergefiles.dot,2
956,cfg.cache_fstatat.dot,4
957,cfg.revert_tz.dot,3
958,cfg.decimal_absval_add_one.dot,4
959,cfg.create_token_tree.dot,6
960,cfg.di_ent_hash.dot,2
961,cfg.strmode.dot,4
962,cfg.timespec_cmp.dot,5
963,cfg.xmemdup.dot,-1
964,cfg.rev_strcmp_df_atime.dot,6
965,cfg.ldtoastr.dot,7
966,cfg.xtime_nsec.dot,2
967,cfg.setlocale_null_androidfix.dot,-1
968,cfg.format_address_std.dot,8
969,cfg.stat_for_ino.dot,-1
970,cfg.next_field.dot,9
971,cfg.mode_changed.dot,5
972,cfg.init_column_info.dot,8
973,cfg.check.dot,13
974,cfg.hash_initialize.dot,8
975,cfg.print_sep_string.dot,8
976,cfg.__argmatch_die.dot,-1
977,cfg.canonicalize_filename_mode.dot,58
978,cfg.quotearg_char_mem.dot,-1
979,cfg.file_escape.dot,5
980,cfg.randperm_new.dot,9
981,cfg.store_columns.dot,12
982,cfg.strcmp_df_extension.dot,6
983,cfg.quote_n.dot,-1
984,cfg.base2lsbf_encode.dot,3
985,cfg.string_free.dot,-1
986,cfg.all_digits_p.dot,2
987,cfg.print_header.dot,2
988,cfg.lower_subexp.dot,10
989,cfg.blake2b_init.dot,3
990,cfg.mkancesdirs_safe_wd.dot,11
991,cfg.flush_paragraph.dot,7
992,cfg.ifsync.dot,3
993,cfg.read_file_system_list.dot,63
994,cfg.rev_xstrcoll_df_atime.dot,6
995,cfg.get_outstatus.dot,3
996,cfg.cwrite.dot,6
997,cfg._obstack_allocated_p.dot,4
998,cfg.security_check_context_raw.dot,-1
999,cfg.heap_free.dot,-1
1000,cfg.xcharalloc.dot,-1
1001,cfg.valid_suffix.dot,-1
1002,cfg.mbsstr.dot,48
1003,cfg.print_long_long.dot,4
1004,cfg.timetostr.dot,-1
1005,cfg.du_files.dot,6
1006,cfg.rm_option_init.dot,-1
1007,cfg.out_string.dot,-1
1008,cfg.backupfile_internal.dot,19
1009,cfg.stream_open.dot,8
1010,cfg.argv_iter_init_argv.dot,2
1011,cfg.fts_load.dot,4
1012,cfg.buffer_lcm.dot,9
1013,cfg.enter_dir.dot,7
1014,cfg.secure_zero_memory.dot,-1
1015,cfg.set_extend_size.dot,2
1016,cfg.shaxxx_stream.dot,11
1017,cfg.readtokens0_init.dot,-1
1018,cfg.wipefile.dot,9
1019,cfg.localtime_rz.dot,7
1020,cfg.full_write.dot,5
1021,cfg.define_all_fields.dot,65
1022,cfg.x2realloc.dot,-1
1023,cfg.defaultcon.94.dot,-1
1024,cfg.atomic_link.dot,4
1025,cfg.getugroups.dot,19
1026,cfg.create_cd_newstate.dot,24
1027,cfg.base16_encode.dot,2
1028,cfg.bad_cast.dot,-1
1029,cfg.heapify_up.dot,3
1030,cfg.xstrcoll_df_size.dot,6
1031,cfg.copy_file.dot,3
1032,cfg.is_local_fs_type.dot,128
1033,cfg.wc.dot,87
1034,cfg.install_file_in_file_parents.dot,2
1035,cfg.realloc_groupbuf.dot,2
1036,cfg.look_up_char_class.dot,4
1037,cfg.begfield.dot,17
1038,cfg.xstrtold.dot,7
1039,cfg.fold_file.dot,19
1040,cfg.check_output_alive.dot,2
1041,cfg.mbscasecmp.dot,22
1042,cfg.dup_safer_flag.dot,-1
1043,cfg.skip_via_lseek.dot,8
1044,cfg.add_range_pair.dot,2
1045,cfg.str2signum.dot,22
1046,cfg.to_uchar.77.dot,-1
1047,cfg.print_s_short.dot,4
1048,cfg.expand_bkref_cache.dot,24
1049,cfg.reap_some.dot,-1
1050,cfg.file_lines.dot,16
1051,cfg.settimeout.dot,8
1052,cfg.free_exclude_segment.dot,5
1053,cfg.default_format.dot,5
1054,cfg.file_name_free.dot,-1
1055,cfg.print_element.dot,2
1056,cfg.randint_new.dot,-1
1057,cfg.apply_settings.dot,38
1058,cfg.same_nameat.dot,6
1059,cfg.parse_datetime.dot,2
1060,cfg.output_primes.dot,8
1061,cfg.bytes_split.dot,18
1062,cfg.or.dot,3
1063,cfg.debug_strfdate.dot,-1
1064,cfg.digest_break_file.dot,3
1065,cfg.close_stdout.dot,4
1066,cfg.xmax.dot,2
1067,cfg.cleanup.dot,1
1068,cfg.human_access.dot,-1
1069,cfg.set_binary_mode.dot,-1
1070,cfg.print_unicode_char.dot,-1
1071,cfg.check_subexp_limits.dot,28
1072,cfg.rev_xstrcoll_btime.dot,-1
1073,cfg.cmp_version.dot,-1
1074,cfg.passname.dot,2
1075,cfg.memcoll.dot,3
1076,cfg.robust_getcwd.dot,4
1077,cfg.check_matching.dot,33
1078,cfg.cycle_check_init.dot,-1
1079,cfg.output_one_roff_line.dot,7
1080,cfg.hash_rehash.dot,6
1081,cfg.set_file_list.dot,2
1082,cfg.count_ampersands.dot,3
1083,cfg.memcasecmp.dot,4
1084,cfg.print_initspawn.dot,-1
1085,cfg.close_output_file.dot,6
1086,cfg.exclude_add_pattern_buffer.dot,-1
1087,cfg.dev_ino_compare.dot,2
1088,cfg.append_normal_char.dot,1
1089,cfg.inttostr.dot,4
1090,cfg.sparse_cmp_.dot,-1
1091,cfg.print_FLT.dot,-1
1092,cfg.strnumcmp.dot,-1
1093,cfg.readtokens.dot,6
1094,cfg.getfilecon.dot,-1
1095,cfg.format_address_none.dot,-1
1096,cfg.leave_dir.dot,6
1097,cfg.di_ent_free.dot,-1
1098,cfg.emit_ancillary_info.dot,6
1099,cfg.re_string_realloc_buffers.dot,12
1100,cfg.find_recover_state.dot,6
1101,cfg.elseek.dot,2
1102,cfg.mkstemp_len.dot,-1
1103,cfg.hash_get_n_buckets.dot,-1
1104,cfg.xstrcoll_df_name.dot,6
1105,cfg.pad_down.dot,3
1106,cfg.indent.dot,4
1107,cfg.free_exclude.dot,3
1108,cfg.free_mount_entry.dot,2
1109,cfg.simple_strtoul.dot,4
1110,cfg.re_search_2_stub.dot,8
1111,cfg.print_esc.dot,29
1112,cfg.errno_may_be_non_empty.dot,4
1113,cfg.isnbspace.dot,-1
1114,cfg.set_suffix_length.dot,13
1115,cfg.ftoastr.dot,7
1116,cfg.output_one_tex_line.dot,8
1117,cfg.tail_bytes.dot,21
1118,cfg.specify_sort_size.dot,13
1119,cfg.fts_palloc.dot,3
1120,cfg.wrap_write.dot,6
1121,cfg.compute_bucket_size.dot,5
1122,cfg.hard_locale.dot,3
1123,cfg.vstrtold.dot,6
1124,cfg.xget_version.dot,3
1125,cfg.eval7.dot,2
1126,cfg.call_freefun.dot,2
1127,cfg.re_string_skip_chars.dot,7
1128,cfg.set_increment_size.dot,2
1129,cfg.sha256_conclude_ctx.dot,2
1130,cfg.print_stat.dot,39
1131,cfg.try_dir.dot,-1
1132,cfg.split_3.dot,17
1133,cfg.add_exclude_file.dot,6
1134,cfg.die_pipe.dot,0
1135,cfg.change_env.dot,3
1136,cfg.abbreviation_lacks_prefix.dot,-1
1137,cfg.eval6.dot,9
1138,cfg.check_node_accept.dot,22
1139,cfg.parse_obsolete_option.dot,21
1140,cfg.yyerror.dot,-1
1141,cfg.parse_duration.dot,6
1142,cfg.periodic_pattern.dot,3
1143,cfg.parse_old_offset.dot,7
1144,cfg.hash_clear.dot,6
1145,cfg.tac_seekable.dot,30
1146,cfg.dump.dot,10
1147,cfg.fts_compare_ino.dot,2
1148,cfg.dev_ino_pop.dot,1
1149,cfg.new_item.dot,2
1150,cfg.safe_hasher.dot,1
1151,cfg.base32_decode_alloc_ctx.dot,4
1152,cfg.save_buffer.dot,3
1153,cfg.last_device_for_mount.dot,6
1154,cfg.duplicate_tree.dot,7
1155,cfg.wipefd.dot,3
1156,cfg.is_ancestor.dot,4
1157,cfg.record_open_fd.dot,-1
1158,cfg.re_string_elem_size_at.dot,-1
1159,cfg.fts_safe_changedir.dot,22
1160,cfg.rpl_fts_read.dot,64
1161,cfg.put_word.dot,2
1162,cfg.struct_month_cmp.dot,-1
1163,cfg.print_rel_part.dot,2
1164,cfg.c_iscntrl.dot,4
1165,cfg.mod2.dot,6
1166,cfg.lock_node.dot,-1
1167,cfg.direntry_cmp_inode.dot,2
1168,cfg.nomoreargs.dot,-1
1169,cfg.format_group.dot,3
1170,cfg.mb_width_aux.dot,2
1171,cfg.mdir_name.dot,4
1172,cfg.print_s_char.dot,5
1173,cfg.record_relation.dot,2
1174,cfg.dev_ino_push.dot,2
1175,cfg.merge_loop.dot,3
1176,cfg.__strftime_internal.dot,-1658
1177,cfg.umaxtostr.dot,4
1178,cfg.have_same_content.dot,4
1179,cfg.fts_build.dot,79
1180,cfg.strtoul_tcflag_t.dot,5
1181,cfg.buffer_or_output.dot,4
1182,cfg.re_node_set_merge.dot,16
1183,cfg.optimize_subexps.dot,8
1184,cfg.gen_tempname.dot,-1
1185,cfg.get_header.dot,15
1186,cfg.bitset_set.dot,-1
1187,cfg.strcmp_size.dot,-1
1188,cfg.base64_decode_ctx.dot,19
1189,cfg.c_tolower.dot,4
1190,cfg.make_link_name.dot,5
1191,cfg.diropen.dot,2
1192,cfg.get_stat_atime_ns.dot,-1
1193,cfg.factor_using_division.dot,21
1194,cfg.print_xfer_stats.dot,9
1195,cfg.full_read.dot,5
1196,cfg.mbuiter_multi_reloc.dot,-1
1197,cfg.parse.dot,6
1198,cfg.di_set_lookup.dot,3
1199,cfg.main.dot,23
1200,cfg.quote_name_buf.dot,-31
1201,cfg.long_pinky.dot,2
1202,cfg.xstrtol_fatal.dot,0
1203,cfg.save_cwd.dot,2
1204,cfg.detect_loop.dot,12
1205,cfg.calc_state_hash.dot,2
1206,cfg.quotearg_n_style_colon.dot,-1
1207,cfg.readtokens0_free.dot,7
1208,cfg.send_signals.dot,7
1209,cfg.sha384_stream.dot,-1
1210,cfg.sparse_new.dot,-1
1211,cfg.cs_leave.dot,2
1212,cfg.cmp_size.dot,3
1213,cfg.block_cleanup_and_chld.dot,2
1214,cfg.xstr_iconv.dot,2
1215,cfg.system_join.dot,47
1216,cfg.xfclose.dot,4
1217,cfg.strcmp_df_btime.dot,6
1218,cfg.quotearg_buffer.dot,2
1219,cfg.base32hex_decode_ctx_wrapper.dot,3
1220,cfg.proctab_comparator.dot,-1
1221,cfg.rev_xstrcoll_name.dot,-1
1222,cfg.rpl_fts_children.dot,14
1223,cfg.skip_read.dot,17
1224,cfg.digest_file.dot,9
1225,cfg.simple_strtod_float.dot,13
1226,cfg.parse_user_spec.dot,7
1227,cfg.proc_text.dot,10
1228,cfg.iso_week_days.dot,-1
1229,cfg.randint_free.dot,-1
1230,cfg.prime2_p.dot,30
1231,cfg.format_address_label.dot,-1
1232,cfg.renameatu.dot,24
1233,cfg.xset_binary_mode_error.dot,-1
1234,cfg.xstrcoll_df_ctime.dot,6
1235,cfg.c_isspace.dot,4
1236,cfg.rpl_re_set_syntax.dot,-1
1237,cfg.print_long.dot,4
1238,cfg.dump_hexl_mode_trailer.dot,3
1239,cfg.file_name_init.dot,-1
1240,cfg.eval4.dot,8
1241,cfg.di_set_free.dot,2
1242,cfg.eval.dot,5
1243,cfg.restore_default_color.dot,-1
1244,cfg.sha256_init_ctx.dot,-1
1245,cfg.setdefaultfilecon.dot,15
1246,cfg.rev_strcmp_df_mtime.dot,6
1247,cfg.pipe_lines.dot,15
1248,cfg.fts_stat.dot,18
1249,cfg.display_recoverable.dot,2
1250,cfg.rev_strcmp_size.dot,-1
1251,cfg.argv_iter_init_stream.dot,2
1252,cfg.key_numeric.dot,3
1253,cfg.time_type_to_statx.dot,4
1254,cfg.re_node_set_add_intersect.dot,21
1255,cfg.to_tm_year.dot,8
1256,cfg.eval5.dot,3
1257,cfg.readlinebuffer.dot,-1
1258,cfg.bkm_scale_by_power.283.dot,2
1259,cfg.rpl_mbrtowc.dot,5
1260,cfg.quote_mem.dot,-1
1261,cfg.print_login.dot,-1
1262,cfg.wait_proc.dot,2
1263,cfg.src_to_dest_lookup.dot,2
1264,cfg.base32_decode_ctx_init_wrapper.dot,-1
1265,cfg.base2msbf_encode.dot,3
1266,cfg.base64_encode_alloc.dot,3
1267,cfg.gidtostr_ptr.63.dot,-1
1268,cfg.read_input.dot,5
1269,cfg.lgetfilecon.dot,-1
1270,cfg.get_nth_bit.dot,-1
1271,cfg.parse_block_signal_params.dot,7
1272,cfg.rev_xstrcoll_df_mtime.dot,6
1273,cfg.get_field_values.dot,6
1274,cfg.decode_8.dot,29
1275,cfg.free_pending_ent.dot,-1
1276,cfg.nl_file.dot,6
1277,cfg.cl_strtod.dot,4
1278,cfg.quotearg_n_style_mem.dot,-1
1279,cfg.reset_signal_handlers.dot,11
1280,cfg.nl_error.dot,2
1281,cfg.rpl_fflush.dot,3
1282,cfg.get_version.dot,3
1283,cfg.display_changed.dot,15
1284,cfg.process_dir.dot,5
1285,cfg.md5_process_block.dot,2
1286,cfg.translate_charset.dot,2
1287,cfg.exclude_patopts.dot,2
1288,cfg.cache_stat_init.dot,-1
1289,cfg.ignore_fifo_and_pipe.dot,7
1290,cfg.visit_dir.dot,2
1291,cfg.extent_scan_read.dot,23
1292,cfg.is_directory.dot,2
1293,cfg.make_format.dot,5
1294,cfg.utimecmpat.dot,41
1295,cfg.base64_encode_fast.dot,2
1296,cfg.print_it.dot,24
1297,cfg.check_dst_limits_calc_pos.dot,4
1298,cfg.human_readable.dot,55
1299,cfg.sparse_swap.dot,3
1300,cfg.paste_parallel.dot,30
1301,cfg.vstrtoimax.dot,6
1302,cfg.cmp_ctime.dot,2
1303,cfg.validate.dot,8
1304,cfg.is_tty_writable.dot,-1
1305,cfg.isbase32.dot,-1
1306,cfg.terminate_at_blank.dot,2
1307,cfg.set_join_field.dot,2
1308,cfg.hold_file.dot,4
1309,cfg.mergelines_node.dot,22
1310,cfg.blake2b_stream.dot,7
1311,cfg.hash_get_n_entries.dot,-1
1312,cfg.next_line.dot,-1
1313,cfg.complement_rp.dot,5
1314,cfg.simple_round.dot,6
1315,cfg.get_8.dot,11
1316,cfg.init_linep.dot,-1
1317,cfg.peek_token.dot,-624
1318,cfg.cycle_check.dot,6
1319,cfg.openat_save_fail.dot,0
1320,cfg.replace_control_chars.dot,3
1321,cfg.file_name_concat.dot,1
1322,cfg.dest_info_init.dot,-1
1323,cfg.quotearg_colon.dot,-1
1324,cfg.replace_problematic_chars.dot,2
1325,cfg.xmemcoll.dot,2
1326,cfg.call_chunkfun.dot,2
1327,cfg.xfields.dot,16
1328,cfg.force_symlinkat.dot,9
1329,cfg.hash_do_for_each.dot,5
1330,cfg.check_arrival_add_next_nodes.dot,14
1331,cfg.xasprintf.dot,-1
1332,cfg.c_ispunct.dot,4
1333,cfg.keycompare.dot,68
1334,cfg.lgetfileconat.dot,19
1335,cfg.try_file.dot,-1
1336,cfg.two_arguments.dot,4
1337,cfg.build_sifted_states.dot,14
1338,cfg.set_author.dot,-1
1339,cfg.forget_created.dot,2
1340,cfg.fetch_number.dot,10
1341,cfg.align_column.dot,4
1342,cfg.di_ent_compare.dot,-1
1343,cfg.sig2str.dot,7
1344,cfg.sort_files.dot,6
1345,cfg.format_to_mask.dot,4
1346,cfg.opendir_safer.dot,6
1347,cfg.bkm_scale.dot,2
1348,cfg.set_speed.dot,5
1349,cfg.print_DBL.dot,-1
1350,cfg.regexp_error.dot,2
1351,cfg.di_set_insert.dot,3
1352,cfg.strip_trailing_slashes.dot,2
1353,cfg.dev_info_hash.dot,-1
1354,cfg.c_strncasecmp.dot,6
1355,cfg.file_name_matches.dot,8
1356,cfg.invalidate_cache.dot,18
1357,cfg.string_to_integer.dot,-1
1358,cfg.length_of_file_name_and_frills.dot,9
1359,cfg.get_format_flags.dot,5
1360,cfg.nextarg.dot,2
1361,cfg.blake2b_set_lastnode.dot,-1
1362,cfg.emit_stdin_note.dot,-1
1363,cfg.rev_strcmp_atime.dot,-1
1364,cfg.new_control_record.dot,2
1365,cfg.iftruncate.dot,3
1366,cfg.get_s1_spec_stats.dot,2
1367,cfg.re_string_reconstruct.dot,55
1368,cfg.async_safe_die.dot,1
1369,cfg.get_color_indicator.dot,41
1370,cfg.savewd_finish.dot,5
1371,cfg.xstrcoll_df_btime.dot,6
1372,cfg.try_nocreate.dot,3
1373,cfg.z85_decode_ctx.dot,16
1374,cfg.base32hex_encode.dot,3
1375,cfg.append_unset_var.dot,2
1376,cfg.get_permissions.dot,-1
1377,cfg.rpl_fts_set.dot,6
1378,cfg.base16_length.dot,-1
1379,cfg.remember_copied.dot,2
1380,cfg.unicode_to_mb.dot,11
1381,cfg.quotearg_n_style.dot,-1
1382,cfg.print_with_separator.dot,7
1383,cfg.cols_ready_to_print.dot,7
1384,cfg.parse_chunk.dot,2
1385,cfg.strnlen1.dot,2
1386,cfg.lbuf_putc.dot,7
1387,cfg.strcmp_df_ctime.dot,6
1388,cfg.out_uint.dot,-1
1389,cfg.backup_file_rename.dot,-1
1390,cfg.pretty_name.dot,2
1391,cfg.version_etc_va.dot,4
1392,cfg.usable_st_size.dot,4
1393,cfg.strip.dot,5
1394,cfg.include_field.dot,5
1395,cfg.create_hole.dot,4
1396,cfg.maybe_close_stdout.dot,2
1397,cfg.push_fail_stack.dot,5
1398,cfg.lchownat.dot,-1
1399,cfg.eval1.dot,5
1400,cfg.fsetfilecon.dot,-1
1401,cfg.perform_basename.dot,3
1402,cfg.check_arrival_expand_ecl.dot,7
1403,cfg.store_char.dot,2
1404,cfg.fix_output_parameters.dot,21
1405,cfg.quotearg_alloc.dot,-1
1406,cfg.make_id_equals_comment.dot,-1
1407,cfg.randint_all_free.dot,-1
1408,cfg.double_to_human.dot,20
1409,cfg.validate_timespec.dot,15
1410,cfg.append_quoted.dot,13
1411,cfg.prime_p.dot,21
1412,cfg.__bswap_64.dot,-1
1413,cfg.print_group.dot,4
1414,cfg.strto2uintmax.dot,14
1415,cfg.lcm.dot,-1
1416,cfg.hash_table_ok.dot,6
1417,cfg.triple_free.dot,-1
1418,cfg.duplicate_node.dot,2
1419,cfg.try_symlink.dot,-1
1420,cfg.heap_alloc.dot,3
1421,cfg.scanargs.dot,43
1422,cfg.find_bind_mount.dot,12
1423,cfg.rev_strcmp_df_name.dot,6
1424,cfg.abmon_init.dot,8
1425,cfg.display_speed.dot,4
1426,cfg.devlist_hash.dot,-1
1427,cfg.init_parameters.dot,322
1428,cfg.preorder.dot,8
1429,cfg.size_opt.dot,3
1430,cfg.tzfree.dot,3
1431,cfg.scan_entries.dot,9
1432,cfg.validate_tab_stops.dot,3
1433,cfg.sort_found_occurs.dot,2
1434,cfg.z85_length.dot,-1
1435,cfg.cksum.dot,13
1436,cfg.check_arrival_expand_ecl_sub.dot,13
1437,cfg.get_paragraph.dot,18
1438,cfg.blake2b.dot,12
1439,cfg.set_regs.dot,22
1440,cfg.quote_n_mem.dot,-1
1441,cfg.recheck.dot,28
1442,cfg.get_lcm.dot,2
1443,cfg.print_line.dot,11
1444,cfg.elide_tail_lines_file.dot,7
1445,cfg.randread_set_handler_arg.dot,-1
1446,cfg.integer_overflow.dot,0
1447,cfg.xstrtoul.dot,-296
1448,cfg.cmp_btime.dot,2
1449,cfg.setlocale_null_unlocked.dot,5
1450,cfg.rpl_fts_close.dot,14
1451,cfg.print_clockchange.dot,-1
1452,cfg.siginfo_handler.dot,-1
1453,cfg.sha512_buffer.dot,-1
1454,cfg.movefile.dot,3
1455,cfg.c_strtod.dot,3
1456,cfg.get_first_line_in_buffer.dot,2
1457,cfg.devlist_for_dev.dot,2
1458,cfg.xzalloc.dot,-1
1459,cfg.default_key_compare.dot,8
1460,cfg.patterns_match.dot,3
1461,cfg.getseq.dot,4
1462,cfg.opendirat.dot,3
1463,cfg.duplicate_node_closure.dot,21
1464,cfg.sha256_buffer.dot,-1
1465,cfg.abandon_move.dot,6
1466,cfg.base2_decode_ctx_init.dot,-1
1467,cfg.blake2b_increment_counter.dot,-1
1468,cfg.blake2.dot,-1
1469,cfg.mark_key.dot,4
1470,cfg.clear_ungetc_buffer_preserving_position.dot,2
1471,cfg.getcon.dot,-1
1472,cfg.strcmp_df_size.dot,6
1473,cfg.parse_symbols.dot,7
1474,cfg.bkm_scale.282.dot,2
1475,cfg.sha224_finish_ctx.dot,-1
1476,cfg.binop.dot,12
1477,cfg.c_isupper.dot,4
1478,cfg.dc_parse_file.dot,4
1479,cfg.process_regexp.dot,14
1480,cfg.str2sig.dot,-1
1481,cfg.unset_envvars.dot,3
1482,cfg.keep_new_line.dot,3
1483,cfg.strcoll_loop.dot,6
1484,cfg.bitset_merge.dot,2
1485,cfg.init_dfa.dot,37
1486,cfg.alloc_obuf.dot,3
1487,cfg.print_char.dot,6
1488,cfg.to_hour.dot,10
1489,cfg.rev_xstrcoll_ctime.dot,-1
1490,cfg.powm2.dot,5
1491,cfg.squeeze_filter.dot,16
1492,cfg.one_argument.dot,-1
1493,cfg.get_type_indicator.dot,23
1494,cfg.md5_finish_ctx.dot,2
1495,cfg.compare_nodes.dot,2
1496,cfg.exit_cleanup.dot,2
1497,cfg.unsigned_file_size.dot,-1
1498,cfg.fopen_safer.dot,9
1499,cfg.avoid_trashing_input.dot,13
1500,cfg.num_processors.dot,7
1501,cfg.match_ctx_add_entry.dot,7
1502,cfg.simple_round_to_zero.dot,-1
1503,cfg.is_equiv_class_member.dot,-1
1504,cfg.get_entry.dot,4
1505,cfg.remove_suffix.dot,6
1506,cfg.record_file.dot,4
1507,cfg.three_arguments.dot,6
1508,cfg.re_node_set_init_union.dot,16
1509,cfg.send_sig.dot,2
1510,cfg.cdb_free.dot,2
1511,cfg.lutimensat.dot,-1
1512,cfg.prjoin.dot,8
1513,cfg.xtime_make.dot,-1
1514,cfg.samedir_template.dot,3
1515,cfg.copy_to_temp.dot,8
1516,cfg.mfile_name_concat.dot,7
1517,cfg.cdb_advance_fd.dot,2
1518,cfg.gethrxtime.dot,3
1519,cfg.string_to_join_field.dot,5
1520,cfg.re_node_set_init_copy.dot,3
1521,cfg.filemodestring.dot,4
1522,cfg.print_factors.dot,5
1523,cfg.bsd_split_3.dot,12
1524,cfg.di_set_alloc.dot,3
1525,cfg.__xargmatch_internal.dot,2
1526,cfg.any_remote_file.dot,5
1527,cfg.parse_bracket_exp.dot,53
1528,cfg.process_line_count.dot,5
1529,cfg.gidtostr_ptr.dot,-1
1530,cfg.mem_cd_iconv.dot,24
1531,cfg.write_pending.dot,2
1532,cfg.quotearg_colon_mem.dot,-1
1533,cfg.max_out.dot,8
1534,cfg.hash_get_n_buckets_used.dot,-1
1535,cfg.eval2.dot,17
1536,cfg.set_uint32.dot,-1
1537,cfg.specify_nmerge.dot,4
1538,cfg.register_state.dot,9
1539,cfg.lines_split.dot,5
1540,cfg.i_ring_pop.dot,2
1541,cfg.eval3.dot,5
1542,cfg.is_linked_directory.dot,3
1543,cfg.time_string.dot,2
1544,cfg.print_page.dot,34
1545,cfg.copy_unescaped_string.dot,25
1546,cfg.set_stat_type.dot,8
1547,cfg.apply_relative_time.dot,4
1548,cfg.md5_process_bytes.dot,9
1549,cfg.put_line.dot,2
1550,cfg.add_line_number.dot,8
1551,cfg.parse_field_count.dot,7
1552,cfg.quit.dot,0
1553,cfg.randread_free.dot,2
1554,cfg.print_deadprocs.dot,2
1555,cfg.writeline.dot,10
1556,cfg.is_probably_sparse.dot,2
1557,cfg.balance.dot,3
1558,cfg.setexeccon.dot,-1
1559,cfg.matchpathcon_init_prefix.dot,-1
1560,cfg.gen_tempname_len.dot,3
1561,cfg.allocate_entry.dot,2
1562,cfg.apply_mode.dot,10
1563,cfg.statx_to_stat.dot,-1
1564,cfg.to_uchar.162.dot,-1
1565,cfg.rotr32.dot,-1
1566,cfg.looks_like_integer.dot,3
1567,cfg.parse_line.dot,14
1568,cfg.human_options.dot,2
1569,cfg.freadseek.dot,22
1570,cfg.re_string_destruct.dot,2
1571,cfg.extent_copy.dot,40
1572,cfg.isbase64url.dot,5
1573,cfg.set_process_security_ctx.dot,19
1574,cfg.expand.dot,13
1575,cfg.xgetgroups.dot,2
1576,cfg.input_size.dot,4
1577,cfg.parse_with_separator.dot,32
1578,cfg.copy_attr.dot,-1
1579,cfg.rpl_regfree.dot,2
1580,cfg.afalg_stream.dot,-1
1581,cfg.isaac_refill.dot,3
1582,cfg.randperm_bound.dot,-1
1583,cfg.pipe_fork.dot,9
1584,cfg.current_timespec.dot,-1
1585,cfg.memcpy_lowcase.dot,2
1586,cfg.print_factors_single.dot,4
1587,cfg.string_hasher_ci.dot,4
1588,cfg.cut_fields.dot,39
1589,cfg.xstrcoll_name.dot,-1
1590,cfg.prompt.dot,30
1591,cfg.getenv_TZ.dot,-1
1592,cfg._obstack_free.dot,5
1593,cfg.test_syntax_error.dot,0
1594,cfg.base64url_decode_ctx_wrapper.dot,6
1595,cfg.head_lines.dot,12
1596,cfg.write_random_lines.dot,5
1597,cfg.timespectod.dot,-1
1598,cfg.ptr_align.dot,-1
1599,cfg.dbg_printf.dot,-1
1600,cfg.md5_init_ctx.dot,-1
1601,cfg.find_line.dot,8
1602,cfg.check_inputs.dot,3
1603,cfg.check_x_suffix.dot,-1
1604,cfg.parse_human_number.dot,6
1605,cfg.add_fs_type.dot,-1
1606,cfg.unary_advance.dot,-1
1607,cfg.need_copy.dot,30
1608,cfg.src_to_dest_hash.dot,-1
1609,cfg.base64_decode_alloc_ctx.dot,4
1610,cfg.xmem_cd_iconv.dot,2
1611,cfg.parse_bracket_element.dot,9
1612,cfg.mpz_sgn.dot,2
1613,cfg.add_tab_stop.dot,5
1614,cfg.dev_ino_free.dot,-1
1615,cfg.get_subexp_sub.dot,3
1616,cfg.equal_tm.dot,-1
1617,cfg.time_zone_str.dot,3
1618,cfg.argmatch.dot,8
1619,cfg.print_float.dot,4
1620,cfg.scan_varname.dot,9
1621,cfg.emit_blocksize_note.dot,-1
1622,cfg.base_cost.dot,9
1623,cfg.free_permission_context.dot,-1
1624,cfg.posixtest.dot,9
1625,cfg.savewd_save.dot,13
1626,cfg.new_line_control.dot,-1
1627,cfg.getfileconat.dot,19
1628,cfg.base64_encode.dot,16
1629,cfg.debug_strftime.dot,-1
1630,cfg.re_string_fetch_byte_case.dot,6
1631,cfg.print_uintmaxes.dot,6
1632,cfg.validate_split_str.dot,21
1633,cfg.file_name_prepend.dot,2
1634,cfg.print_stuff.dot,10
1635,cfg.write_line.dot,6
1636,cfg.sift_states_iter_mb.dot,5
1637,cfg.set_ordering.dot,18
1638,cfg.print_filename.dot,5
1639,cfg.quote_name.dot,18
1640,cfg.pad_across_to.dot,3
1641,cfg.strcmp_df_atime.dot,6
1642,cfg.file_pattern_matches.dot,3
1643,cfg.put_paragraph.dot,2
1644,cfg.fd_safer_flag.dot,3
1645,cfg.print_horizontal.dot,3
1646,cfg._obstack_newchunk.dot,7
1647,cfg.valid_file_spec.dot,-1
1648,cfg.initialize_ordering_vector.dot,2
1649,cfg.close_fd.dot,4
1650,cfg.limfield.dot,21
1651,cfg.critical_factorization.dot,11
1652,cfg.is_nul.dot,8
1653,cfg.setfilecon.dot,-1
1654,cfg.get_next_tab_column.dot,7
1655,cfg.fnmatch_no_wildcards.dot,9
1656,cfg.close_stdin.dot,7
1657,cfg.idle_string.dot,4
1658,cfg.print_stored.dot,12
1659,cfg.c_toupper.dot,4
1660,cfg.excluded_file_name.dot,7
1661,cfg.force_linkat.dot,9
1662,cfg.xstrndup.dot,1
1663,cfg.basename_is_dot_or_dotdot.dot,-1
1664,cfg.rev_strcmp_ctime.dot,-1
1665,cfg.dorewind.dot,5
1666,cfg.match_ctx_free.dot,-1
1667,cfg.fmt_paragraph.dot,8
1668,cfg.initbuffer.dot,-1
1669,cfg.fts_sort.dot,8
1670,cfg.file_type.dot,11
1671,cfg.copy_dir.dot,6
1672,cfg.peek_token_bracket.dot,17
1673,cfg.neg_to_zero.dot,2
1674,cfg.is_zero_or_power_of_two.dot,-1
1675,cfg.re_copy_regs.dot,11
1676,cfg.fts_maxarglen.dot,3
1677,cfg.mode_type_flag.dot,5
1678,cfg.rpl_fclose.dot,6
1679,cfg.cwd_advance_fd.dot,6
1680,cfg.realpath_canon.dot,3
1681,cfg.who.dot,2
1682,cfg.get_next.dot,22
1683,cfg.readtokens0.dot,12
1684,cfg.out_uint_x.dot,-1
1685,cfg.factor_insert_multiplicity.dot,6
1686,cfg.yylex.dot,312
1687,cfg.get_dev.dot,-499
1688,cfg.out_uint_o.dot,-1
1689,cfg.parse_ls_color.dot,24
1690,cfg.create_temp_file.dot,5
1691,cfg.rpl_fcntl_DUPFD_CLOEXEC.dot,9
1692,cfg.smack_set_label_for_self.dot,-1
1693,cfg.finish_up.dot,-1
1694,cfg.base2_length.dot,-1
1695,cfg.xsum4.dot,-1
1696,cfg.uid_unset.dot,-1
1697,cfg.protect_fd.dot,3
1698,cfg.extract_trimmed_name.dot,3
1699,cfg.set_initialize.dot,4
1700,cfg.check_dst_limits_calc_pos_1.dot,24
1701,cfg.md5_buffer.dot,-1
1702,cfg.bkm_scale.178.dot,2
1703,cfg.check_order.dot,7
1704,cfg.knuth_morris_pratt.dot,11
1705,cfg.link_nfa_nodes.dot,12
1706,cfg.tail_forever.dot,39
1707,cfg.no_leading_hyphen.dot,4
1708,cfg.human_fstype.dot,128
1709,cfg.parse_dup_op.dot,34
1710,cfg.proctab_hasher.dot,-1
1711,cfg.usage.dot,1
1712,cfg.compare_words.dot,8
1713,cfg.free_tree.dot,-1
1714,cfg.bkm_scale_by_power.181.dot,2
1715,cfg.calc_eclosure.dot,9
1716,cfg.print_files.dot,6
1717,cfg.rpl_strstr.dot,9
1718,cfg.factor_using_pollard_rho.dot,15
1719,cfg.print_runlevel.dot,5
1720,cfg.is_range_start_index.dot,-1
1721,cfg.savewd_errno.dot,2
1722,cfg.compile_regex.dot,1
1723,cfg.dev_type_compare.dot,-1
1724,cfg.process_field.dot,4
1725,cfg.mergefps.dot,33
1726,cfg.stat_time_normalize.dot,-1
1727,cfg.timespec_sign.dot,3
1728,cfg.create_new_buffer.dot,-1
1729,cfg.src_to_dest_compare.dot,2
1730,cfg.select_plural.dot,2
1731,cfg.sha256_read_ctx.dot,2
1732,cfg.careadlinkatcwd.dot,1
1733,cfg.hash_get_first.dot,3
1734,cfg.bkm_scale.230.dot,2
1735,cfg.open_safer.dot,3
1736,cfg.xstrcoll_df_extension.dot,6
1737,cfg.key_init.dot,-1
1738,cfg.context_type_get.dot,-1
1739,cfg.sync_arg.dot,13
1740,cfg.operand_is.dot,-1
1741,cfg.list_signal_handling.dot,7
1742,cfg.dump_remainder.dot,9
1743,cfg.check_fspec.dot,11
1744,cfg.bkm_scale.218.dot,3
1745,cfg.context_range_get.dot,-1
1746,cfg.readtoken.dot,9
1747,cfg.mgetgroups.dot,24
1748,cfg.rev_xstrcoll_df_size.dot,6
1749,cfg.fremote.dot,5
1750,cfg.known.dot,-1
1751,cfg.valid_options.dot,7
1752,cfg.hash_string.dot,2
1753,cfg.simple_new.dot,-1
1754,cfg.xwrite_stdout.dot,2
1755,cfg.write_to_file.dot,3
1756,cfg.xalloc_die.dot,0
1757,cfg.calc_req_mask.dot,12
1758,cfg.re_node_set_compare.dot,6
1759,cfg.mpz_mul.dot,4
1760,cfg.compare.dot,12
1761,cfg.cycle_warning_required.dot,5
1762,cfg.format_user_or_group_width.dot,3
1763,cfg.rpl_mbrlen.dot,2
1764,cfg.readdir_ignoring_dot_and_dotdot.dot,4
1765,cfg.mbiter_multi_next.dot,8
1766,cfg.emit_verbose.dot,2
1767,cfg.default_scale_base.dot,5
1768,cfg.alloc_field.dot,2
1769,cfg.read_binary_file.dot,-1
1770,cfg.wd_comparator.dot,-1
1771,cfg.path_prefix.dot,9
1772,cfg.write_unique.dot,4
1773,cfg.randread_error.dot,1
1774,cfg.rpl_re_search.dot,-1
1775,cfg.bkm_scale.152.dot,2
1776,cfg.string_hasher.dot,-1
1777,cfg.add_file_name.dot,7
1778,cfg.base32hex_decode_ctx_init_wrapper.dot,-1
1779,cfg.gcd_odd.dot,6
1780,cfg.rev_xstrcoll_df_extension.dot,6
1781,cfg.re_search_stub.dot,23
1782,cfg.writable_destination.dot,3
1783,cfg.lbuf_flush.dot,1
1784,cfg.print_LDBL.dot,-1
1785,cfg.seen_file.dot,2
1786,cfg.statx_timestamp_to_timespec.dot,-1
1787,cfg.field_sep.dot,2
1788,cfg.print_kth.dot,-1
1789,cfg.read_block.dot,5
1790,cfg.rotl32.dot,-1
1791,cfg.base32_decode_ctx_wrapper.dot,-1
1792,cfg.elide_tail_bytes_file.dot,9
1793,cfg.inittables.dot,7
1794,cfg.parse_patterns.dot,7
1795,cfg._obstack_begin_1.dot,-1
1796,cfg.print_only_size.dot,2
1797,cfg.bkm_scale.350.dot,2
1798,cfg.hash_free.dot,9
1799,cfg.file_escape_init.dot,6
1800,cfg.get_stat_mtime.dot,-1
1801,cfg.sha512_process_block.dot,3
1802,cfg.sha224_stream.dot,-1
1803,cfg.incr.dot,4
1804,cfg.qcopy_acl.dot,2
1805,cfg.baud_to_value.dot,4
1806,cfg.get_win_size.dot,-1
1807,cfg.blake2b_is_lastblock.dot,-1
1808,cfg.numcompare.309.dot,56
1809,cfg.specify_nthreads.dot,3
1810,cfg.hash_find_entry.dot,10
1811,cfg.read_input_reservoir_sampling.dot,10
1812,cfg.initialize_regex.dot,12
1813,cfg.rev_xstrcoll_atime.dot,-1
1814,cfg.new_exclude.dot,-1
1815,cfg.print_esc_string.dot,3
1816,cfg.base16_decode_ctx.dot,10
1817,cfg.hash_print_statistics.dot,-1
1818,cfg.parse_gnu_standard_options_only.dot,3
1819,cfg.count_items.dot,-1
1820,cfg.get_disk.dot,21
1821,cfg.mpsort_into_tmp.dot,4
1822,cfg.xvprintf.dot,3
1823,cfg.hash_delete.dot,8
1824,cfg.duinfo_init.dot,-1
1825,cfg.has_capability_cache.dot,4
1826,cfg.getuidbyname.dot,8
1827,cfg.emit_bug_reporting_address.dot,-1
1828,cfg.get_stat_ctime_ns.dot,-1
1829,cfg.userid_compare.dot,-1
1830,cfg.transit_state_mb.dot,22
1831,cfg.read_file.dot,-1
1832,cfg.rpl_fts_open.dot,37
1833,cfg.incompatible_options.dot,0
1834,cfg.apply_suffix.dot,6
1835,cfg.close_stdout_set_file_name.dot,-1
1836,cfg.nth_parent.dot,2
1837,cfg.rpl_mknod.dot,3
1838,cfg.prfield.dot,5
1839,cfg.fwrite_success_callback.dot,-1
1840,cfg.chmod_or_fchmod.dot,2
1841,cfg.lsetfilecon.dot,-1
1842,cfg.calc_eclosure_iter.dot,18
1843,cfg.sha512_finish_ctx.dot,-1
1844,cfg.rpl_fcntl.dot,-53
1845,cfg.check_file.dot,42
1846,cfg.qset_acl.dot,-1
1847,cfg.base2lsbf_decode_ctx.dot,7
1848,cfg.emit_tab_list_info.dot,-1
1849,cfg.fdadvise.dot,-1
1850,cfg.can_write_any_file.dot,2
1851,cfg.print_double.dot,4
1852,cfg.try_link.dot,-1
1853,cfg.set_control_char.dot,10
1854,cfg.skip.dot,18
1855,cfg.chownat.dot,-1
1856,cfg.strcmp_mtime.dot,-1
1857,cfg.mbsnwidth.dot,110
1858,cfg.errnoize.dot,2
1859,cfg.store64.dot,-1
1860,cfg.knuth_morris_pratt_multibyte.dot,25
1861,cfg.get_line.dot,5
1862,cfg.src_info_init.dot,-1
1863,cfg.start_bytes.dot,8
1864,cfg.xstrcoll_mtime.dot,-1
1865,cfg.map_device.dot,6
1866,cfg.overwrite_ok.dot,4
1867,cfg.hash_pjw.dot,2
1868,cfg.xtime_sec.dot,-1
1869,cfg.restore_initial_cwd.dot,5
1870,cfg.sparse_copy.dot,30
1871,cfg.sortlines.dot,6
1872,cfg.sparse_free.dot,-1
1873,cfg.get_subexp.dot,40
1874,cfg.blake2b_compress.dot,4
1875,cfg.save_to_hold_area.dot,-1
1876,cfg.cut_bytes.dot,9
1877,cfg.format_code_offset.dot,2
1878,cfg.save_abbr.dot,15
1879,cfg.re_acquire_state_context.dot,8
1880,cfg.offtostr.dot,4
1881,cfg.quote.dot,-1
1882,cfg.wrapf.dot,3
1883,cfg.restorecon.dot,-1
1884,cfg.fgetfilecon.dot,-1
1885,cfg.rpl_pipe2.dot,21
1886,cfg.save_line_to_file.dot,1
1887,cfg.AD_hash.dot,-1
1888,cfg.copy_rest.dot,12
1889,cfg.bkm_scale_by_power.179.dot,2
1890,cfg.getfilecon_cache.dot,5
1891,cfg.rpl_fcntl_DUPFD.dot,-1
1892,cfg.is_basic.dot,-1
1893,cfg.prfields.dot,6
1894,cfg.mpsort.dot,-1
1895,cfg.known_value.dot,-1
1896,cfg.toarith.dot,3
1897,cfg.card_of_complement.dot,2
1898,cfg.get_stat_birthtime.dot,-1
1899,cfg.triple_compare_ino_str.dot,3
1900,cfg.replace_invalid_chars.dot,4
1901,cfg.binvert.dot,3
1902,cfg.append_range.dot,2
1903,cfg.head_file.dot,5
1904,cfg.xstrcoll_extension.dot,-1
1905,cfg.utimecmp.dot,-1
1906,cfg.c_islower.dot,4
1907,cfg.temp_stream.dot,9
1908,cfg.quoting_options_from_style.dot,1
1909,cfg.bsd_sum_file.dot,9
1910,cfg.rev_strcmp_extension.dot,-1
1911,cfg.AD_compare.dot,2
1912,cfg.bkm_scale.180.dot,2
1913,cfg.excluded_fstype.dot,5
1914,cfg.context_new.dot,-1
1915,cfg.transfer_entries.dot,11
1916,cfg.restricted_chown.dot,17
1917,cfg.mbiter_multi_copy.dot,2
1918,cfg.prepare_padded_number.dot,13
1919,cfg.absld.dot,2
1920,cfg.canon_host_r.dot,6
1921,cfg.sysv_sum_file.dot,12
1922,cfg.initialize_signals.dot,2
1923,cfg.read_and_delete.dot,8
1924,cfg.do_copy.dot,22
1925,cfg.md5_read_ctx.dot,-1
1926,cfg.security_check_context.dot,-1
1927,cfg.gcd.dot,2
1928,cfg.heap_remove_top.dot,2
1929,cfg.xsum3.dot,-1
1930,cfg.z85_decode_ctx_init.dot,-1
1931,cfg.suffix_power_char.dot,10
1932,cfg.re_acquire_state.dot,8
1933,cfg.print_spaces.dot,2
1934,cfg.cut_stream.dot,2
1935,cfg.proper_name.dot,3
1936,cfg.bkm_scale.397.dot,2
1937,cfg.parse_str.dot,2
1938,cfg.i_ring_init.dot,2
1939,cfg.tm_year_str.dot,-1
1940,cfg.print_direc.dot,44
1941,cfg.put_indicator.dot,3
1942,cfg.batch_convert.dot,6
1943,cfg.xputchar.dot,1
1944,cfg.init_word_char.dot,9
1945,cfg.fd_ring_clear.dot,3
1946,cfg.get_all_entries.dot,2
1947,cfg.xnmalloc.dot,1
1948,cfg.get_spec_stats.dot,14
1949,cfg.wipename.dot,18
1950,cfg.free_state.dot,2
1951,cfg.ino_map_insert.dot,6
1952,cfg.alloc_ibuf.dot,2
1953,cfg.parse_byte.dot,2
1954,cfg.format_inode.dot,3
1955,cfg.find_closing_delim.dot,7
1956,cfg.count_consecutive_X_s.dot,3
1957,cfg.append_char_class.dot,2
1958,cfg.filename_unescape.dot,9
1959,cfg.reset_status.dot,5
1960,cfg.powm.dot,4
1961,cfg.me_for_dev.dot,2
1962,cfg.compare_random.dot,26
1963,cfg.defaultcon.dot,-1
1964,cfg.parse_expression.dot,67
1965,cfg.update_cur_sifted_state.dot,11
1966,cfg.simple_strtod_fatal.dot,8
1967,cfg.c_isalnum.dot,4
1968,cfg.string_compare.dot,-1
1969,cfg.create_fullname.dot,7
1970,cfg.guess_shell_syntax.dot,5
1971,cfg.find_bracketed_repeat.dot,11
1972,cfg.fwrite_lowcase.dot,2
1973,cfg.quotearg.dot,-1
1974,cfg.rpl_regexec.dot,4
1975,cfg.extend_buffers.dot,14
1976,cfg.dup_safer.dot,-1
1977,cfg.default_sort_size.dot,11
1978,cfg.base_name.dot,3
1979,cfg.trim2.dot,32
1980,cfg.rpl_fseeko.dot,5
1981,cfg.hextobin.dot,12
1982,cfg.print_field.dot,31
1983,cfg.heap_insert.dot,2
1984,cfg.fraccompare.dot,13
1985,cfg.beyond.dot,0
1986,cfg.path_common_prefix.dot,12
1987,cfg.find_backup_file_name.dot,1
1988,cfg.add_uint_with_neg_flag.dot,6
1989,cfg.free_fail_stack_return.dot,3
1990,cfg.leaf_optimization.dot,8
1991,cfg.add_excluded_fs_type.dot,-1
1992,cfg.free_entry.dot,-1
1993,cfg.proceed_next_node.dot,36
1994,cfg.parse_integer.dot,9
1995,cfg.__gl_setmode.dot,-1
1996,cfg.duinfo_set.dot,-1
1997,cfg.output_one_dumb_line.dot,21
1998,cfg.clone_file.dot,-1
1999,cfg.setlocale_null_r.dot,-1
2000,cfg.and.dot,3
2001,cfg.stophandler.dot,2
2002,cfg.base16_decode_ctx_init.dot,-1
2003,cfg.memcmp2.dot,5
2004,cfg.process_files.dot,5
2005,cfg.next_line_num.dot,6
2006,cfg.restore_default_fscreatecon_or_die.dot,1
2007,cfg.stzncpy.dot,3
2008,cfg.open_temp.dot,5
2009,cfg.get_s2_spec_stats.dot,3
2010,cfg.do_stat.dot,-1
2011,cfg.yesno.dot,4
2012,cfg.str_value.dot,-1
2013,cfg.isbase32hex.dot,4
2014,cfg.create.dot,12
2015,cfg.merge.dot,16
2016,cfg.xvasprintf.dot,6
2017,cfg.process_prime.dot,-1
2018,cfg.mkancesdirs.dot,19
2019,cfg.create_output_file.dot,2
2020,cfg.change_attributes.dot,6
2021,cfg.isdst_differ.dot,3
2022,cfg.debug_print_relative_time.dot,10
2023,cfg.dot_or_dotdot.dot,3
2024,cfg.build_charclass_op.dot,13
2025,cfg.unescape_tab.dot,10
2026,cfg.context_user_set.dot,-1
2027,cfg.dd_copy.dot,76
2028,cfg.setup_padding_buffer.dot,2
2029,cfg.rev_xstrcoll_version.dot,-1
2030,cfg.cmp_extension.dot,4
2031,cfg.relpath.dot,10
2032,cfg.openat_proc_name.dot,8
2033,cfg.check_extension.dot,8
2034,cfg.dump_rest_of_file.dot,2
2035,cfg.insertkey.dot,2
2036,cfg.blake2b_update.dot,4
2037,cfg.do_statx.dot,4
2038,cfg.setlocale_null.dot,-1
2039,cfg.xstrtol.dot,-236
2040,cfg.openat_safer.dot,3
2041,cfg.blake2b_final.dot,5
2042,cfg.ignorable.dot,2
2043,cfg.context_role_set.dot,-1
2044,cfg.set_custom_quoting.dot,3
2045,cfg.write_permuted_output_reservoir.dot,5
2046,cfg.sha1_buffer.dot,-1
2047,cfg.find_occurs_in_text.dot,45
2048,cfg.xstrcoll_df_atime.dot,6
2049,cfg.different.dot,6
2050,cfg.heap_default_compare.dot,-1
2051,cfg.exit_failure_callback.dot,2
2052,cfg.sift_states_bkref.dot,26
2053,cfg.year.dot,8
2054,cfg.uinttostr.dot,4
2055,cfg.paste_serial.dot,14
2056,cfg.argmatch_valid.dot,4
2057,cfg.set_program_path.dot,7
2058,cfg.set_owner.dot,20
2059,cfg.mode_compile.dot,-211
2060,cfg.iso_week_days.384.dot,-1
2061,cfg.calc_inveclosure.dot,6
2062,cfg.print_full_info.dot,18
2063,cfg.set_normal_color.dot,3
2064,cfg.rev_strcmp_btime.dot,-1
2065,cfg.just.dot,-1
2066,cfg.delete_all_files.dot,5
2067,cfg.align_nstrftime.dot,2
2068,cfg.clear_random_data.dot,-1
2069,cfg.version_etc.dot,-1
2070,cfg.users.dot,1
2071,cfg.xcalloc.dot,2
2072,cfg.bitset_not.dot,2
2073,cfg.chopt_init.dot,-1
2074,cfg.print_short.dot,4
2075,cfg.sha512_process_bytes.dot,9
2076,cfg.blake2b_set_lastblock.dot,2
2077,cfg.physmem_total.dot,7
2078,cfg.swab_buffer.dot,4
2079,cfg.copy_internal.dot,264
2080,cfg.simple_cat.dot,3
2081,cfg.chdir_long.dot,18
2082,cfg.quotearg_custom_mem.dot,-1
2083,cfg.ambsalign.dot,5
2084,cfg.xrealloc.dot,4
2085,cfg.merge_tree_init.dot,-1
2086,cfg.xmemcoll0.dot,2
2087,cfg.hash_insert_if_absent.dot,11
2088,cfg.c_isalpha.dot,4
2089,cfg.build_charclass.dot,79
2090,cfg.sub_epsilon_src_nodes.dot,16
2091,cfg.cmp_atime.dot,2
2092,cfg.process_line.dot,6
2093,cfg.dir_len.dot,4
2094,cfg.extent_scan_free.dot,-1
2095,cfg.write_zeros.dot,7
2096,cfg.init_tokenbuffer.dot,-1
2097,cfg.shift_left.dot,-1
2098,cfg.init_inbuf.dot,-1
2099,cfg.sha256_finish_ctx.dot,-1
2100,cfg.calc_first.dot,4
2101,cfg.bkm_scale_by_power.231.dot,2
2102,cfg.c_isblank.dot,2
2103,cfg.input_file_size.dot,15
2104,cfg.bkm_scale_by_power.219.dot,2
2105,cfg.__strftime_internal.378.dot,-1728
2106,cfg.fstat_for_ino.dot,-1
2107,cfg.xfopen.dot,1
2108,cfg.signal_init.dot,-1
2109,cfg.tzalloc.dot,5
2110,cfg.blake2b_init_key.dot,7
2111,cfg.yyparse.dot,1056
2112,cfg.print_int.dot,4
2113,cfg.raw_hasher.dot,-1
2114,cfg.check_format_conv_type.dot,6
2115,cfg.print_boottime.dot,-1
2116,cfg.c_locale.dot,2
2117,cfg.tee_files.dot,21
2118,cfg.postorder.dot,9
2119,cfg.emit_size_note.dot,-1
2120,cfg.strintcmp.dot,-1
2121,cfg.imaxtostr.dot,4
2122,cfg.free_buffer.dot,2
2123,cfg.freadptrinc.dot,-1
2124,cfg.genpattern.dot,14
2125,cfg.fts_alloc.dot,2
2126,cfg.factor.dot,7
2127,cfg.base2msbf_decode_ctx.dot,8
2128,cfg.next_item.dot,2
2129,cfg.mpz_init_set_str.dot,-1
2130,cfg.lines_chunk_split.dot,32
2131,cfg.init_funcs.dot,13
2132,cfg.print_table_row.dot,2
2133,cfg.bkm_scale_by_power.153.dot,2
2134,cfg.vstrtoumax.dot,6
2135,cfg.canon_host.dot,-1
2136,cfg.term.dot,18
2137,cfg.do_statfs.dot,3
2138,cfg.mode_create_from_ref.dot,2
2139,cfg.print_long_format.dot,45
2140,cfg.internal_read_file.dot,4
2141,cfg.copy_simple.dot,4
2142,cfg.rpl_regcomp.dot,5
2143,cfg.fileno_to_name.dot,4
2144,cfg.unit_to_umax.dot,8
2145,cfg.mkstemp_safer.dot,-1
2146,cfg.line_cost.dot,3
2147,cfg.cs_enter.dot,-1
2148,cfg.init_header.dot,8
2149,cfg.bkm_scale_by_power.351.dot,2
2150,cfg.advance_input_after_read_error.dot,13
2151,cfg.parse_branch.dot,15
2152,cfg.re_node_set_remove_at.dot,4
2153,cfg.plain_read.dot,1
2154,cfg.find_non_slash.dot,-1
